polygon_name,WKT
CILEGON CENTER MALL,"POLYGON ((106.06978149999999 -6.025184, 106.06978005782562 -6.025213356133529, 106.06977574519148 -6.025242429551444, 106.06976860363055 -6.025270940260838, 106.06975870191998 -6.025298613687994, 106.06974613541867 -6.025325183322679, 106.06973102514888 -6.02535039328479, 106.06971351663077 -6.025374000788608, 106.06969377848095 -6.0253957784809655, 106.0696720007886 -6.025415516630782, 106.06964839328478 -6.025433025148885, 106.06962318332268 -6.025448135418673, 106.06959661368799 -6.025460701919988, 106.06956894026084 -6.025470603630552, 106.06954042955144 -6.025477745191481, 106.06951135613352 -6.025482057825639, 106.069482 -6.0254835, 106.06945264386647 -6.025482057825639, 106.06942357044855 -6.025477745191481, 106.06939505973915 -6.025470603630552, 106.069367386312 -6.025460701919988, 106.06934081667731 -6.025448135418673, 106.06931560671521 -6.025433025148885, 106.06929199921139 -6.025415516630782, 106.06927022151903 -6.0253957784809655, 106.06925048336922 -6.025374000788608, 106.0692329748511 -6.02535039328479, 106.06921786458132 -6.025325183322679, 106.06920529808 -6.025298613687994, 106.06919539636944 -6.025270940260838, 106.06918825480851 -6.025242429551444, 106.06918394217436 -6.025213356133529, 106.0691825 -6.025184, 106.06918394217436 -6.025154643866472, 106.06918825480851 -6.025125570448557, 106.06919539636944 -6.025097059739163, 106.06920529808 -6.025069386312007, 106.06921786458132 -6.025042816677321, 106.0692329748511 -6.025017606715211, 106.06925048336922 -6.024993999211393, 106.06927022151903 -6.024972221519035, 106.06929199921139 -6.024952483369218, 106.06931560671521 -6.024934974851115, 106.06934081667731 -6.024919864581328, 106.069367386312 -6.024907298080013, 106.06939505973915 -6.0248973963694485, 106.06942357044855 -6.024890254808519, 106.06945264386647 -6.024885942174362, 106.069482 -6.024884500000001, 106.06951135613352 -6.024885942174362, 106.06954042955144 -6.024890254808519, 106.06956894026084 -6.0248973963694485, 106.06959661368799 -6.024907298080013, 106.06962318332268 -6.024919864581328, 106.06964839328478 -6.024934974851115, 106.0696720007886 -6.024952483369218, 106.06969377848095 -6.024972221519035, 106.06971351663077 -6.024993999211393, 106.06973102514888 -6.025017606715211, 106.06974613541867 -6.025042816677321, 106.06975870191998 -6.025069386312007, 106.06976860363055 -6.025097059739163, 106.06977574519148 -6.025125570448557, 106.06978005782562 -6.025154643866472, 106.06978149999999 -6.025184))"
Summarecon Mall Serpong,"POLYGON ((106.62918838888888 -6.239941666666667, 106.62918694671451 -6.239971022800195, 106.62918263408037 -6.24000009621811, 106.62917549251944 -6.240028606927504, 106.62916559080887 -6.24005628035466, 106.62915302430756 -6.240082849989346, 106.62913791403777 -6.2401080599514565, 106.62912040551966 -6.240131667455274, 106.62910066736984 -6.240153445147632, 106.62907888967749 -6.240173183297449, 106.62905528217367 -6.240190691815552, 106.62903007221156 -6.240205802085339, 106.62900350257688 -6.240218368586654, 106.62897582914972 -6.2402282702972185, 106.62894731844032 -6.240235411858148, 106.6289182450224 -6.240239724492305, 106.62888888888888 -6.240241166666666, 106.62885953275536 -6.240239724492305, 106.62883045933744 -6.240235411858148, 106.62880194862804 -6.2402282702972185, 106.62877427520088 -6.240218368586654, 106.6287477055662 -6.240205802085339, 106.6287224956041 -6.240190691815552, 106.62869888810027 -6.240173183297449, 106.62867711040792 -6.240153445147632, 106.6286573722581 -6.240131667455274, 106.62863986373999 -6.2401080599514565, 106.6286247534702 -6.240082849989346, 106.6286121869689 -6.24005628035466, 106.62860228525832 -6.240028606927504, 106.6285951436974 -6.24000009621811, 106.62859083106325 -6.239971022800195, 106.62858938888888 -6.239941666666667, 106.62859083106325 -6.239912310533138, 106.6285951436974 -6.239883237115223, 106.62860228525832 -6.239854726405829, 106.6286121869689 -6.239827052978673, 106.6286247534702 -6.239800483343988, 106.62863986373999 -6.239775273381877, 106.6286573722581 -6.239751665878059, 106.62867711040792 -6.2397298881857015, 106.62869888810027 -6.239710150035885, 106.6287224956041 -6.239692641517782, 106.6287477055662 -6.239677531247994, 106.62877427520088 -6.239664964746679, 106.62880194862804 -6.239655063036115, 106.62883045933744 -6.239647921475186, 106.62885953275536 -6.239643608841028, 106.62888888888888 -6.239642166666667, 106.6289182450224 -6.239643608841028, 106.62894731844032 -6.239647921475186, 106.62897582914972 -6.239655063036115, 106.62900350257688 -6.239664964746679, 106.62903007221156 -6.239677531247994, 106.62905528217367 -6.239692641517782, 106.62907888967749 -6.239710150035885, 106.62910066736984 -6.2397298881857015, 106.62912040551966 -6.239751665878059, 106.62913791403777 -6.239775273381877, 106.62915302430756 -6.239800483343988, 106.62916559080887 -6.239827052978673, 106.62917549251944 -6.239854726405829, 106.62918263408037 -6.239883237115223, 106.62918694671451 -6.239912310533138, 106.62918838888888 -6.239941666666667))"
Menara Matahari,"POLYGON ((106.61004949999999 -6.229191666666667, 106.61004805782562 -6.229221022800195, 106.61004374519148 -6.22925009621811, 106.61003660363055 -6.229278606927505, 106.61002670191998 -6.229306280354661, 106.61001413541867 -6.229332849989346, 106.60999902514888 -6.229358059951457, 106.60998151663077 -6.229381667455274, 106.60996177848095 -6.229403445147632, 106.6099400007886 -6.229423183297449, 106.60991639328478 -6.229440691815552, 106.60989118332267 -6.229455802085339, 106.60986461368799 -6.229468368586654, 106.60983694026083 -6.229478270297219, 106.60980842955144 -6.229485411858148, 106.60977935613352 -6.229489724492305, 106.60974999999999 -6.229491166666667, 106.60972064386647 -6.229489724492305, 106.60969157044855 -6.229485411858148, 106.60966305973915 -6.229478270297219, 106.609635386312 -6.229468368586654, 106.60960881667731 -6.229455802085339, 106.6095836067152 -6.229440691815552, 106.60955999921138 -6.229423183297449, 106.60953822151903 -6.229403445147632, 106.60951848336921 -6.229381667455274, 106.6095009748511 -6.229358059951457, 106.60948586458132 -6.229332849989346, 106.60947329808 -6.229306280354661, 106.60946339636943 -6.229278606927505, 106.6094562548085 -6.22925009621811, 106.60945194217436 -6.229221022800195, 106.6094505 -6.229191666666667, 106.60945194217436 -6.229162310533138, 106.6094562548085 -6.2291332371152235, 106.60946339636943 -6.229104726405829, 106.60947329808 -6.229077052978673, 106.60948586458132 -6.229050483343988, 106.6095009748511 -6.229025273381877, 106.60951848336921 -6.22900166587806, 106.60953822151903 -6.228979888185702, 106.60955999921138 -6.228960150035885, 106.6095836067152 -6.228942641517782, 106.60960881667731 -6.228927531247995, 106.609635386312 -6.2289149647466795, 106.60966305973915 -6.228905063036115, 106.60969157044855 -6.228897921475186, 106.60972064386647 -6.2288936088410285, 106.60974999999999 -6.228892166666667, 106.60977935613352 -6.2288936088410285, 106.60980842955144 -6.228897921475186, 106.60983694026083 -6.228905063036115, 106.60986461368799 -6.2289149647466795, 106.60989118332267 -6.228927531247995, 106.60991639328478 -6.228942641517782, 106.6099400007886 -6.228960150035885, 106.60996177848095 -6.228979888185702, 106.60998151663077 -6.22900166587806, 106.60999902514888 -6.229025273381877, 106.61001413541867 -6.229050483343988, 106.61002670191998 -6.229077052978673, 106.61003660363055 -6.229104726405829, 106.61004374519148 -6.2291332371152235, 106.61004805782562 -6.229162310533138, 106.61004949999999 -6.229191666666667))"
Sinarmasland Tangerang,"POLYGON ((106.65171616666667 -6.3013611111111105, 106.65171472449231 -6.301390467244639, 106.65171041185816 -6.301419540662554, 106.65170327029723 -6.301448051371948, 106.65169336858666 -6.301475724799104, 106.65168080208535 -6.3015022944337895, 106.65166569181557 -6.3015275043959, 106.65164818329745 -6.301551111899718, 106.65162844514764 -6.301572889592076, 106.65160666745528 -6.3015926277418925, 106.65158305995146 -6.301610136259995, 106.65155784998936 -6.301625246529783, 106.65153128035467 -6.301637813031098, 106.65150360692752 -6.301647714741662, 106.65147509621812 -6.301654856302592, 106.6514460228002 -6.301659168936749, 106.65141666666668 -6.30166061111111, 106.65138731053315 -6.301659168936749, 106.65135823711523 -6.301654856302592, 106.65132972640583 -6.301647714741662, 106.65130205297868 -6.301637813031098, 106.651275483344 -6.301625246529783, 106.65125027338189 -6.301610136259995, 106.65122666587807 -6.3015926277418925, 106.65120488818572 -6.301572889592076, 106.6511851500359 -6.301551111899718, 106.65116764151779 -6.3015275043959, 106.651152531248 -6.3015022944337895, 106.65113996474669 -6.301475724799104, 106.65113006303612 -6.301448051371948, 106.65112292147519 -6.301419540662554, 106.65111860884105 -6.301390467244639, 106.65111716666668 -6.3013611111111105, 106.65111860884105 -6.301331754977582, 106.65112292147519 -6.301302681559667, 106.65113006303612 -6.301274170850273, 106.65113996474669 -6.301246497423117, 106.651152531248 -6.3012199277884315, 106.65116764151779 -6.301194717826321, 106.6511851500359 -6.301171110322503, 106.65120488818572 -6.301149332630145, 106.65122666587807 -6.3011295944803285, 106.65125027338189 -6.301112085962226, 106.651275483344 -6.301096975692438, 106.65130205297868 -6.301084409191123, 106.65132972640583 -6.301074507480559, 106.65135823711523 -6.3010673659196295, 106.65138731053315 -6.301063053285472, 106.65141666666668 -6.301061611111111, 106.6514460228002 -6.301063053285472, 106.65147509621812 -6.3010673659196295, 106.65150360692752 -6.301074507480559, 106.65153128035467 -6.301084409191123, 106.65155784998936 -6.301096975692438, 106.65158305995146 -6.301112085962226, 106.65160666745528 -6.3011295944803285, 106.65162844514764 -6.301149332630145, 106.65164818329745 -6.301171110322503, 106.65166569181557 -6.301194717826321, 106.65168080208535 -6.3012199277884315, 106.65169336858666 -6.301246497423117, 106.65170327029723 -6.301274170850273, 106.65171041185816 -6.301302681559667, 106.65171472449231 -6.301331754977582, 106.65171616666667 -6.3013611111111105))"
Carrefour Harapan Indah,"POLYGON ((106.9762995 -6.186761111111111, 106.97629805782563 -6.18679046724464, 106.97629374519148 -6.186819540662555, 106.97628660363056 -6.186848051371949, 106.97627670191999 -6.186875724799105, 106.97626413541867 -6.18690229443379, 106.97624902514889 -6.186927504395901, 106.97623151663078 -6.1869511118997185, 106.97621177848096 -6.186972889592076, 106.9761900007886 -6.186992627741893, 106.97616639328479 -6.187010136259996, 106.97614118332268 -6.1870252465297835, 106.976114613688 -6.187037813031099, 106.97608694026084 -6.187047714741663, 106.97605842955144 -6.187054856302592, 106.97602935613352 -6.18705916893675, 106.976 -6.187060611111111, 106.97597064386648 -6.18705916893675, 106.97594157044855 -6.187054856302592, 106.97591305973916 -6.187047714741663, 106.975885386312 -6.187037813031099, 106.97585881667732 -6.1870252465297835, 106.97583360671521 -6.187010136259996, 106.97580999921139 -6.186992627741893, 106.97578822151904 -6.186972889592076, 106.97576848336922 -6.1869511118997185, 106.97575097485111 -6.186927504395901, 106.97573586458132 -6.18690229443379, 106.97572329808001 -6.186875724799105, 106.97571339636944 -6.186848051371949, 106.97570625480851 -6.186819540662555, 106.97570194217437 -6.18679046724464, 106.9757005 -6.186761111111111, 106.97570194217437 -6.186731754977583, 106.97570625480851 -6.186702681559668, 106.97571339636944 -6.1866741708502735, 106.97572329808001 -6.1866464974231175, 106.97573586458132 -6.186619927788432, 106.97575097485111 -6.186594717826321, 106.97576848336922 -6.186571110322504, 106.97578822151904 -6.186549332630146, 106.97580999921139 -6.186529594480329, 106.97583360671521 -6.186512085962226, 106.97585881667732 -6.186496975692439, 106.975885386312 -6.186484409191124, 106.97591305973916 -6.186474507480559, 106.97594157044855 -6.18646736591963, 106.97597064386648 -6.186463053285473, 106.976 -6.1864616111111115, 106.97602935613352 -6.186463053285473, 106.97605842955144 -6.18646736591963, 106.97608694026084 -6.186474507480559, 106.976114613688 -6.186484409191124, 106.97614118332268 -6.186496975692439, 106.97616639328479 -6.186512085962226, 106.9761900007886 -6.186529594480329, 106.97621177848096 -6.186549332630146, 106.97623151663078 -6.186571110322504, 106.97624902514889 -6.186594717826321, 106.97626413541867 -6.186619927788432, 106.97627670191999 -6.1866464974231175, 106.97628660363056 -6.1866741708502735, 106.97629374519148 -6.186702681559668, 106.97629805782563 -6.186731754977583, 106.9762995 -6.186761111111111))"
Summarecon Mall Bekasi,"POLYGON ((107.00098005555556 -6.224561111111111, 107.00097861338119 -6.2245904672446395, 107.00097430074705 -6.224619540662554, 107.00096715918612 -6.224648051371949, 107.00095725747555 -6.224675724799105, 107.00094469097424 -6.22470229443379, 107.00092958070445 -6.224727504395901, 107.00091207218634 -6.224751111899718, 107.00089233403652 -6.224772889592076, 107.00087055634417 -6.224792627741893, 107.00084694884035 -6.224810136259996, 107.00082173887824 -6.224825246529783, 107.00079516924356 -6.224837813031098, 107.0007674958164 -6.224847714741663, 107.000738985107 -6.224854856302592, 107.00070991168909 -6.224859168936749, 107.00068055555556 -6.224860611111111, 107.00065119942204 -6.224859168936749, 107.00062212600412 -6.224854856302592, 107.00059361529472 -6.224847714741663, 107.00056594186756 -6.224837813031098, 107.00053937223288 -6.224825246529783, 107.00051416227078 -6.224810136259996, 107.00049055476696 -6.224792627741893, 107.0004687770746 -6.224772889592076, 107.00044903892478 -6.224751111899718, 107.00043153040667 -6.224727504395901, 107.00041642013689 -6.22470229443379, 107.00040385363558 -6.224675724799105, 107.000393951925 -6.224648051371949, 107.00038681036408 -6.224619540662554, 107.00038249772993 -6.2245904672446395, 107.00038105555556 -6.224561111111111, 107.00038249772993 -6.2245317549775825, 107.00038681036408 -6.224502681559668, 107.000393951925 -6.224474170850273, 107.00040385363558 -6.224446497423117, 107.00041642013689 -6.224419927788432, 107.00043153040667 -6.224394717826321, 107.00044903892478 -6.224371110322504, 107.0004687770746 -6.224349332630146, 107.00049055476696 -6.224329594480329, 107.00051416227078 -6.224312085962226, 107.00053937223288 -6.224296975692439, 107.00056594186756 -6.224284409191124, 107.00059361529472 -6.224274507480559, 107.00062212600412 -6.22426736591963, 107.00065119942204 -6.224263053285473, 107.00068055555556 -6.224261611111111, 107.00070991168909 -6.224263053285473, 107.000738985107 -6.22426736591963, 107.0007674958164 -6.224274507480559, 107.00079516924356 -6.224284409191124, 107.00082173887824 -6.224296975692439, 107.00084694884035 -6.224312085962226, 107.00087055634417 -6.224329594480329, 107.00089233403652 -6.224349332630146, 107.00091207218634 -6.224371110322504, 107.00092958070445 -6.224394717826321, 107.00094469097424 -6.224419927788432, 107.00095725747555 -6.224446497423117, 107.00096715918612 -6.224474170850273, 107.00097430074705 -6.224502681559668, 107.00097861338119 -6.2245317549775825, 107.00098005555556 -6.224561111111111))"
Cibinong City Mall,"POLYGON ((106.84318838888888 -6.484472222222222, 106.84318694671451 -6.484501578355751, 106.84318263408036 -6.484530651773666, 106.84317549251944 -6.48455916248306, 106.84316559080887 -6.484586835910216, 106.84315302430755 -6.484613405544901, 106.84313791403777 -6.484638615507012, 106.84312040551966 -6.4846622230108295, 106.84310066736984 -6.484684000703187, 106.84307888967749 -6.484703738853004, 106.84305528217367 -6.484721247371107, 106.84303007221156 -6.4847363576408945, 106.84300350257688 -6.48474892414221, 106.84297582914972 -6.484758825852774, 106.84294731844032 -6.484765967413703, 106.8429182450224 -6.484770280047861, 106.84288888888888 -6.484771722222222, 106.84285953275536 -6.484770280047861, 106.84283045933743 -6.484765967413703, 106.84280194862804 -6.484758825852774, 106.84277427520088 -6.48474892414221, 106.8427477055662 -6.4847363576408945, 106.8427224956041 -6.484721247371107, 106.84269888810027 -6.484703738853004, 106.84267711040792 -6.484684000703187, 106.8426573722581 -6.4846622230108295, 106.84263986373999 -6.484638615507012, 106.8426247534702 -6.484613405544901, 106.84261218696889 -6.484586835910216, 106.84260228525832 -6.48455916248306, 106.8425951436974 -6.484530651773666, 106.84259083106325 -6.484501578355751, 106.84258938888888 -6.484472222222222, 106.84259083106325 -6.484442866088694, 106.8425951436974 -6.484413792670779, 106.84260228525832 -6.4843852819613845, 106.84261218696889 -6.4843576085342285, 106.8426247534702 -6.484331038899543, 106.84263986373999 -6.4843058289374325, 106.8426573722581 -6.484282221433615, 106.84267711040792 -6.484260443741257, 106.84269888810027 -6.48424070559144, 106.8427224956041 -6.484223197073337, 106.8427477055662 -6.48420808680355, 106.84277427520088 -6.484195520302235, 106.84280194862804 -6.48418561859167, 106.84283045933743 -6.484178477030741, 106.84285953275536 -6.484174164396584, 106.84288888888888 -6.4841727222222225, 106.8429182450224 -6.484174164396584, 106.84294731844032 -6.484178477030741, 106.84297582914972 -6.48418561859167, 106.84300350257688 -6.484195520302235, 106.84303007221156 -6.48420808680355, 106.84305528217367 -6.484223197073337, 106.84307888967749 -6.48424070559144, 106.84310066736984 -6.484260443741257, 106.84312040551966 -6.484282221433615, 106.84313791403777 -6.4843058289374325, 106.84315302430755 -6.484331038899543, 106.84316559080887 -6.4843576085342285, 106.84317549251944 -6.4843852819613845, 106.84318263408036 -6.484413792670779, 106.84318694671451 -6.484442866088694, 106.84318838888888 -6.484472222222222))"
RS Mitra Keluarga Depok,"POLYGON ((106.8242995 -6.393930555555556, 106.82429805782563 -6.393959911689085, 106.82429374519148 -6.393988985107, 106.82428660363055 -6.394017495816394, 106.82427670191998 -6.39404516924355, 106.82426413541867 -6.394071738878235, 106.82424902514889 -6.394096948840346, 106.82423151663077 -6.394120556344164, 106.82421177848096 -6.3941423340365215, 106.8241900007886 -6.394162072186338, 106.82416639328478 -6.394179580704441, 106.82414118332268 -6.394194690974229, 106.824114613688 -6.394207257475544, 106.82408694026084 -6.394217159186108, 106.82405842955144 -6.394224300747037, 106.82402935613352 -6.394228613381195, 106.824 -6.394230055555556, 106.82397064386647 -6.394228613381195, 106.82394157044855 -6.394224300747037, 106.82391305973916 -6.394217159186108, 106.823885386312 -6.394207257475544, 106.82385881667732 -6.394194690974229, 106.82383360671521 -6.394179580704441, 106.82380999921139 -6.394162072186338, 106.82378822151904 -6.3941423340365215, 106.82376848336922 -6.394120556344164, 106.82375097485111 -6.394096948840346, 106.82373586458132 -6.394071738878235, 106.82372329808001 -6.39404516924355, 106.82371339636944 -6.394017495816394, 106.82370625480851 -6.393988985107, 106.82370194217437 -6.393959911689085, 106.8237005 -6.393930555555556, 106.82370194217437 -6.393901199422028, 106.82370625480851 -6.393872126004113, 106.82371339636944 -6.393843615294719, 106.82372329808001 -6.393815941867563, 106.82373586458132 -6.393789372232877, 106.82375097485111 -6.393764162270767, 106.82376848336922 -6.393740554766949, 106.82378822151904 -6.393718777074591, 106.82380999921139 -6.393699038924774, 106.82383360671521 -6.393681530406671, 106.82385881667732 -6.393666420136884, 106.823885386312 -6.393653853635569, 106.82391305973916 -6.393643951925005, 106.82394157044855 -6.393636810364075, 106.82397064386647 -6.393632497729918, 106.824 -6.393631055555557, 106.82402935613352 -6.393632497729918, 106.82405842955144 -6.393636810364075, 106.82408694026084 -6.393643951925005, 106.824114613688 -6.393653853635569, 106.82414118332268 -6.393666420136884, 106.82416639328478 -6.393681530406671, 106.8241900007886 -6.393699038924774, 106.82421177848096 -6.393718777074591, 106.82423151663077 -6.393740554766949, 106.82424902514889 -6.393764162270767, 106.82426413541867 -6.393789372232877, 106.82427670191998 -6.393815941867563, 106.82428660363055 -6.393843615294719, 106.82429374519148 -6.393872126004113, 106.82429805782563 -6.393901199422028, 106.8242995 -6.393930555555556))"
Pesona Square Depok,"POLYGON ((106.8449895 -6.380065, 106.84498805782563 -6.380094356133529, 106.84498374519148 -6.3801234295514435, 106.84497660363056 -6.380151940260838, 106.84496670191999 -6.380179613687994, 106.84495413541867 -6.380206183322679, 106.84493902514889 -6.38023139328479, 106.84492151663078 -6.380255000788607, 106.84490177848096 -6.380276778480965, 106.8448800007886 -6.380296516630782, 106.84485639328479 -6.380314025148885, 106.84483118332268 -6.380329135418672, 106.844804613688 -6.3803417019199875, 106.84477694026084 -6.380351603630552, 106.84474842955144 -6.380358745191481, 106.84471935613352 -6.3803630578256385, 106.84469 -6.3803645, 106.84466064386648 -6.3803630578256385, 106.84463157044856 -6.380358745191481, 106.84460305973916 -6.380351603630552, 106.844575386312 -6.3803417019199875, 106.84454881667732 -6.380329135418672, 106.84452360671521 -6.380314025148885, 106.8444999992114 -6.380296516630782, 106.84447822151904 -6.380276778480965, 106.84445848336922 -6.380255000788607, 106.84444097485111 -6.38023139328479, 106.84442586458132 -6.380206183322679, 106.84441329808001 -6.380179613687994, 106.84440339636944 -6.380151940260838, 106.84439625480852 -6.3801234295514435, 106.84439194217437 -6.380094356133529, 106.8443905 -6.380065, 106.84439194217437 -6.380035643866472, 106.84439625480852 -6.380006570448557, 106.84440339636944 -6.379978059739162, 106.84441329808001 -6.379950386312006, 106.84442586458132 -6.379923816677321, 106.84444097485111 -6.37989860671521, 106.84445848336922 -6.379874999211393, 106.84447822151904 -6.379853221519035, 106.8444999992114 -6.379833483369218, 106.84452360671521 -6.379815974851115, 106.84454881667732 -6.379800864581328, 106.844575386312 -6.379788298080013, 106.84460305973916 -6.379778396369448, 106.84463157044856 -6.379771254808519, 106.84466064386648 -6.379766942174362, 106.84469 -6.3797655, 106.84471935613352 -6.379766942174362, 106.84474842955144 -6.379771254808519, 106.84477694026084 -6.379778396369448, 106.844804613688 -6.379788298080013, 106.84483118332268 -6.379800864581328, 106.84485639328479 -6.379815974851115, 106.8448800007886 -6.379833483369218, 106.84490177848096 -6.379853221519035, 106.84492151663078 -6.379874999211393, 106.84493902514889 -6.37989860671521, 106.84495413541867 -6.379923816677321, 106.84496670191999 -6.379950386312006, 106.84497660363056 -6.379978059739162, 106.84498374519148 -6.380006570448557, 106.84498805782563 -6.380035643866472, 106.8449895 -6.380065))"
RS Cito Karawang,"POLYGON ((107.27839949999999 -6.30541, 107.27839805782563 -6.305439356133529, 107.27839374519148 -6.305468429551444, 107.27838660363055 -6.305496940260838, 107.27837670191998 -6.305524613687994, 107.27836413541867 -6.305551183322679, 107.27834902514888 -6.30557639328479, 107.27833151663077 -6.3056000007886075, 107.27831177848095 -6.305621778480965, 107.2782900007886 -6.305641516630782, 107.27826639328478 -6.305659025148885, 107.27824118332268 -6.3056741354186725, 107.278214613688 -6.305686701919988, 107.27818694026084 -6.305696603630552, 107.27815842955144 -6.305703745191481, 107.27812935613352 -6.305708057825639, 107.2781 -6.3057095, 107.27807064386647 -6.305708057825639, 107.27804157044855 -6.305703745191481, 107.27801305973915 -6.305696603630552, 107.277985386312 -6.305686701919988, 107.27795881667731 -6.3056741354186725, 107.27793360671521 -6.305659025148885, 107.27790999921139 -6.305641516630782, 107.27788822151904 -6.305621778480965, 107.27786848336922 -6.3056000007886075, 107.2778509748511 -6.30557639328479, 107.27783586458132 -6.305551183322679, 107.27782329808001 -6.305524613687994, 107.27781339636944 -6.305496940260838, 107.27780625480851 -6.305468429551444, 107.27780194217436 -6.305439356133529, 107.2778005 -6.30541, 107.27780194217436 -6.305380643866472, 107.27780625480851 -6.305351570448557, 107.27781339636944 -6.3053230597391625, 107.27782329808001 -6.3052953863120065, 107.27783586458132 -6.305268816677321, 107.2778509748511 -6.3052436067152104, 107.27786848336922 -6.305219999211393, 107.27788822151904 -6.305198221519035, 107.27790999921139 -6.305178483369218, 107.27793360671521 -6.305160974851115, 107.27795881667731 -6.305145864581328, 107.277985386312 -6.305133298080013, 107.27801305973915 -6.305123396369448, 107.27804157044855 -6.305116254808519, 107.27807064386647 -6.305111942174362, 107.2781 -6.3051105000000005, 107.27812935613352 -6.305111942174362, 107.27815842955144 -6.305116254808519, 107.27818694026084 -6.305123396369448, 107.278214613688 -6.305133298080013, 107.27824118332268 -6.305145864581328, 107.27826639328478 -6.305160974851115, 107.2782900007886 -6.305178483369218, 107.27831177848095 -6.305198221519035, 107.27833151663077 -6.305219999211393, 107.27834902514888 -6.3052436067152104, 107.27836413541867 -6.305268816677321, 107.27837670191998 -6.3052953863120065, 107.27838660363055 -6.3053230597391625, 107.27839374519148 -6.305351570448557, 107.27839805782563 -6.305380643866472, 107.27839949999999 -6.30541))"
Apartemen Patria Park (Pico & 3G Pico Le,"POLYGON ((106.8761285 -6.243754, 106.87612705782563 -6.2437833561335285, 106.87612274519148 -6.243812429551443, 106.87611560363055 -6.243840940260838, 106.87610570191998 -6.243868613687994, 106.87609313541867 -6.243895183322679, 106.87607802514889 -6.24392039328479, 106.87606051663077 -6.243944000788607, 106.87604077848096 -6.243965778480965, 106.8760190007886 -6.243985516630782, 106.87599539328478 -6.244003025148885, 106.87597018332268 -6.244018135418672, 106.875943613688 -6.244030701919987, 106.87591594026084 -6.244040603630552, 106.87588742955144 -6.244047745191481, 106.87585835613352 -6.244052057825638, 106.875829 -6.2440535, 106.87579964386647 -6.244052057825638, 106.87577057044855 -6.244047745191481, 106.87574205973915 -6.244040603630552, 106.875714386312 -6.244030701919987, 106.87568781667731 -6.244018135418672, 106.87566260671521 -6.244003025148885, 106.87563899921139 -6.243985516630782, 106.87561722151904 -6.243965778480965, 106.87559748336922 -6.243944000788607, 106.8755799748511 -6.24392039328479, 106.87556486458132 -6.243895183322679, 106.87555229808001 -6.243868613687994, 106.87554239636944 -6.243840940260838, 106.87553525480851 -6.243812429551443, 106.87553094217436 -6.2437833561335285, 106.8755295 -6.243754, 106.87553094217436 -6.2437246438664715, 106.87553525480851 -6.243695570448557, 106.87554239636944 -6.243667059739162, 106.87555229808001 -6.243639386312006, 106.87556486458132 -6.243612816677321, 106.8755799748511 -6.24358760671521, 106.87559748336922 -6.243563999211393, 106.87561722151904 -6.243542221519035, 106.87563899921139 -6.243522483369218, 106.87566260671521 -6.243504974851115, 106.87568781667731 -6.243489864581328, 106.875714386312 -6.243477298080013, 106.87574205973915 -6.243467396369448, 106.87577057044855 -6.243460254808519, 106.87579964386647 -6.243455942174362, 106.875829 -6.2434545, 106.87585835613352 -6.243455942174362, 106.87588742955144 -6.243460254808519, 106.87591594026084 -6.243467396369448, 106.875943613688 -6.243477298080013, 106.87597018332268 -6.243489864581328, 106.87599539328478 -6.243504974851115, 106.8760190007886 -6.243522483369218, 106.87604077848096 -6.243542221519035, 106.87606051663077 -6.243563999211393, 106.87607802514889 -6.24358760671521, 106.87609313541867 -6.243612816677321, 106.87610570191998 -6.243639386312006, 106.87611560363055 -6.243667059739162, 106.87612274519148 -6.243695570448557, 106.87612705782563 -6.2437246438664715, 106.8761285 -6.243754))"
Bassura Tower ABCHJ,"POLYGON ((106.8787662 -6.223661111, 106.87876475782564 -6.223690467133529, 106.87876044519149 -6.223719540551444, 106.87875330363056 -6.223748051260838, 106.87874340191999 -6.223775724687994, 106.87873083541868 -6.223802294322679, 106.8787157251489 -6.22382750428479, 106.87869821663078 -6.2238511117886075, 106.87867847848096 -6.223872889480965, 106.87865670078861 -6.223892627630782, 106.87863309328479 -6.223910136148885, 106.87860788332269 -6.2239252464186725, 106.878581313688 -6.223937812919988, 106.87855364026085 -6.223947714630552, 106.87852512955145 -6.223954856191481, 106.87849605613353 -6.223959168825639, 106.8784667 -6.223960611, 106.87843734386648 -6.223959168825639, 106.87840827044856 -6.223954856191481, 106.87837975973916 -6.223947714630552, 106.878352086312 -6.223937812919988, 106.87832551667732 -6.2239252464186725, 106.87830030671522 -6.223910136148885, 106.8782766992114 -6.223892627630782, 106.87825492151904 -6.223872889480965, 106.87823518336923 -6.2238511117886075, 106.87821767485111 -6.22382750428479, 106.87820256458133 -6.223802294322679, 106.87818999808002 -6.223775724687994, 106.87818009636945 -6.223748051260838, 106.87817295480852 -6.223719540551444, 106.87816864217437 -6.223690467133529, 106.87816720000001 -6.223661111, 106.87816864217437 -6.223631754866472, 106.87817295480852 -6.223602681448557, 106.87818009636945 -6.2235741707391625, 106.87818999808002 -6.2235464973120065, 106.87820256458133 -6.223519927677321, 106.87821767485111 -6.2234947177152105, 106.87823518336923 -6.223471110211393, 106.87825492151904 -6.223449332519035, 106.8782766992114 -6.223429594369218, 106.87830030671522 -6.223412085851115, 106.87832551667732 -6.223396975581328, 106.878352086312 -6.223384409080013, 106.87837975973916 -6.223374507369448, 106.87840827044856 -6.223367365808519, 106.87843734386648 -6.223363053174362, 106.8784667 -6.2233616110000005, 106.87849605613353 -6.223363053174362, 106.87852512955145 -6.223367365808519, 106.87855364026085 -6.223374507369448, 106.878581313688 -6.223384409080013, 106.87860788332269 -6.223396975581328, 106.87863309328479 -6.223412085851115, 106.87865670078861 -6.223429594369218, 106.87867847848096 -6.223449332519035, 106.87869821663078 -6.223471110211393, 106.8787157251489 -6.2234947177152105, 106.87873083541868 -6.223519927677321, 106.87874340191999 -6.2235464973120065, 106.87875330363056 -6.2235741707391625, 106.87876044519149 -6.223602681448557, 106.87876475782564 -6.223631754866472, 106.8787662 -6.223661111))"
Cibubur Square,"POLYGON ((106.89028005555556 -6.340177777777778, 106.8902786133812 -6.340207133911306, 106.89027430074705 -6.340236207329221, 106.89026715918612 -6.340264718038616, 106.89025725747555 -6.340292391465772, 106.89024469097424 -6.340318961100457, 106.89022958070446 -6.340344171062568, 106.89021207218634 -6.340367778566385, 106.89019233403653 -6.340389556258743, 106.89017055634417 -6.34040929440856, 106.89014694884035 -6.340426802926663, 106.89012173887825 -6.34044191319645, 106.89009516924357 -6.340454479697765, 106.89006749581641 -6.34046438140833, 106.89003898510701 -6.340471522969259, 106.89000991168909 -6.340475835603416, 106.88998055555557 -6.340477277777778, 106.88995119942204 -6.340475835603416, 106.88992212600412 -6.340471522969259, 106.88989361529472 -6.34046438140833, 106.88986594186757 -6.340454479697765, 106.88983937223288 -6.34044191319645, 106.88981416227078 -6.340426802926663, 106.88979055476696 -6.34040929440856, 106.88976877707461 -6.340389556258743, 106.88974903892479 -6.340367778566385, 106.88973153040668 -6.340344171062568, 106.88971642013689 -6.340318961100457, 106.88970385363558 -6.340292391465772, 106.88969395192501 -6.340264718038616, 106.88968681036408 -6.340236207329221, 106.88968249772994 -6.340207133911306, 106.88968105555557 -6.340177777777778, 106.88968249772994 -6.340148421644249, 106.88968681036408 -6.3401193482263345, 106.88969395192501 -6.34009083751694, 106.88970385363558 -6.340063164089784, 106.88971642013689 -6.340036594455099, 106.88973153040668 -6.340011384492988, 106.88974903892479 -6.339987776989171, 106.88976877707461 -6.339965999296813, 106.88979055476696 -6.339946261146996, 106.88981416227078 -6.339928752628893, 106.88983937223288 -6.339913642359106, 106.88986594186757 -6.3399010758577905, 106.88989361529472 -6.339891174147226, 106.88992212600412 -6.339884032586297, 106.88995119942204 -6.3398797199521395, 106.88998055555557 -6.339878277777778, 106.89000991168909 -6.3398797199521395, 106.89003898510701 -6.339884032586297, 106.89006749581641 -6.339891174147226, 106.89009516924357 -6.3399010758577905, 106.89012173887825 -6.339913642359106, 106.89014694884035 -6.339928752628893, 106.89017055634417 -6.339946261146996, 106.89019233403653 -6.339965999296813, 106.89021207218634 -6.339987776989171, 106.89022958070446 -6.340011384492988, 106.89024469097424 -6.340036594455099, 106.89025725747555 -6.340063164089784, 106.89026715918612 -6.34009083751694, 106.89027430074705 -6.3401193482263345, 106.8902786133812 -6.340148421644249, 106.89028005555556 -6.340177777777778))"
RS Mitra Keluarga Kalideres,"POLYGON ((106.7025995 -6.149638888888889, 106.70259805782564 -6.149668245022418, 106.70259374519149 -6.1496973184403325, 106.70258660363056 -6.149725829149727, 106.70257670192 -6.149753502576883, 106.70256413541868 -6.149780072211568, 106.7025490251489 -6.149805282173679, 106.70253151663078 -6.149828889677496, 106.70251177848097 -6.149850667369854, 106.70249000078861 -6.149870405519671, 106.7024663932848 -6.149887914037774, 106.70244118332269 -6.149903024307561, 106.702414613688 -6.1499155908088765, 106.70238694026085 -6.149925492519441, 106.70235842955145 -6.14993263408037, 106.70232935613353 -6.1499369467145275, 106.70230000000001 -6.149938388888889, 106.70227064386648 -6.1499369467145275, 106.70224157044856 -6.14993263408037, 106.70221305973917 -6.149925492519441, 106.70218538631201 -6.1499155908088765, 106.70215881667733 -6.149903024307561, 106.70213360671522 -6.149887914037774, 106.7021099992114 -6.149870405519671, 106.70208822151905 -6.149850667369854, 106.70206848336923 -6.149828889677496, 106.70205097485112 -6.149805282173679, 106.70203586458133 -6.149780072211568, 106.70202329808002 -6.149753502576883, 106.70201339636945 -6.149725829149727, 106.70200625480852 -6.1496973184403325, 106.70200194217438 -6.149668245022418, 106.70200050000001 -6.149638888888889, 106.70200194217438 -6.149609532755361, 106.70200625480852 -6.149580459337446, 106.70201339636945 -6.149551948628051, 106.70202329808002 -6.149524275200895, 106.70203586458133 -6.14949770556621, 106.70205097485112 -6.149472495604099, 106.70206848336923 -6.149448888100282, 106.70208822151905 -6.149427110407924, 106.7021099992114 -6.149407372258107, 106.70213360671522 -6.149389863740004, 106.70215881667733 -6.149374753470217, 106.70218538631201 -6.149362186968902, 106.70221305973917 -6.149352285258337, 106.70224157044856 -6.149345143697408, 106.70227064386648 -6.149340831063251, 106.70230000000001 -6.149339388888889, 106.70232935613353 -6.149340831063251, 106.70235842955145 -6.149345143697408, 106.70238694026085 -6.149352285258337, 106.702414613688 -6.149362186968902, 106.70244118332269 -6.149374753470217, 106.7024663932848 -6.149389863740004, 106.70249000078861 -6.149407372258107, 106.70251177848097 -6.149427110407924, 106.70253151663078 -6.149448888100282, 106.7025490251489 -6.149472495604099, 106.70256413541868 -6.14949770556621, 106.70257670192 -6.149524275200895, 106.70258660363056 -6.149551948628051, 106.70259374519149 -6.149580459337446, 106.70259805782564 -6.149609532755361, 106.7025995 -6.149638888888889))"
Millenium Centenial Center,"POLYGON ((106.82138838888888 -6.214575, 106.82138694671451 -6.2146043561335285, 106.82138263408036 -6.214633429551443, 106.82137549251944 -6.214661940260838, 106.82136559080887 -6.214689613687994, 106.82135302430756 -6.214716183322679, 106.82133791403777 -6.21474139328479, 106.82132040551966 -6.214765000788607, 106.82130066736984 -6.214786778480965, 106.82127888967749 -6.214806516630782, 106.82125528217367 -6.214824025148885, 106.82123007221156 -6.214839135418672, 106.82120350257688 -6.214851701919987, 106.82117582914972 -6.214861603630552, 106.82114731844032 -6.214868745191481, 106.8211182450224 -6.214873057825638, 106.82108888888888 -6.2148745, 106.82105953275536 -6.214873057825638, 106.82103045933744 -6.214868745191481, 106.82100194862804 -6.214861603630552, 106.82097427520088 -6.214851701919987, 106.8209477055662 -6.214839135418672, 106.8209224956041 -6.214824025148885, 106.82089888810027 -6.214806516630782, 106.82087711040792 -6.214786778480965, 106.8208573722581 -6.214765000788607, 106.82083986373999 -6.21474139328479, 106.8208247534702 -6.214716183322679, 106.8208121869689 -6.214689613687994, 106.82080228525832 -6.214661940260838, 106.8207951436974 -6.214633429551443, 106.82079083106325 -6.2146043561335285, 106.82078938888888 -6.214575, 106.82079083106325 -6.2145456438664715, 106.8207951436974 -6.2145165704485565, 106.82080228525832 -6.214488059739162, 106.8208121869689 -6.214460386312006, 106.8208247534702 -6.214433816677321, 106.82083986373999 -6.21440860671521, 106.8208573722581 -6.214384999211393, 106.82087711040792 -6.214363221519035, 106.82089888810027 -6.214343483369218, 106.8209224956041 -6.214325974851115, 106.8209477055662 -6.214310864581328, 106.82097427520088 -6.2142982980800126, 106.82100194862804 -6.214288396369448, 106.82103045933744 -6.214281254808519, 106.82105953275536 -6.2142769421743616, 106.82108888888888 -6.2142755, 106.8211182450224 -6.2142769421743616, 106.82114731844032 -6.214281254808519, 106.82117582914972 -6.214288396369448, 106.82120350257688 -6.2142982980800126, 106.82123007221156 -6.214310864581328, 106.82125528217367 -6.214325974851115, 106.82127888967749 -6.214343483369218, 106.82130066736984 -6.214363221519035, 106.82132040551966 -6.214384999211393, 106.82133791403777 -6.21440860671521, 106.82135302430756 -6.214433816677321, 106.82136559080887 -6.214460386312006, 106.82137549251944 -6.214488059739162, 106.82138263408036 -6.2145165704485565, 106.82138694671451 -6.2145456438664715, 106.82138838888888 -6.214575))"
PAKUBUWONO_SPRING,"POLYGON ((106.7871995 -6.232955555555556, 106.78719805782563 -6.232984911689084, 106.78719374519149 -6.233013985106999, 106.78718660363056 -6.2330424958163935, 106.78717670191999 -6.2330701692435495, 106.78716413541868 -6.233096738878235, 106.78714902514889 -6.2331219488403455, 106.78713151663078 -6.233145556344163, 106.78711177848096 -6.233167334036521, 106.78709000078861 -6.233187072186338, 106.78706639328479 -6.233204580704441, 106.78704118332269 -6.233219690974228, 106.787014613688 -6.233232257475543, 106.78698694026085 -6.233242159186108, 106.78695842955145 -6.233249300747037, 106.78692935613353 -6.233253613381194, 106.7869 -6.2332550555555555, 106.78687064386648 -6.233253613381194, 106.78684157044856 -6.233249300747037, 106.78681305973916 -6.233242159186108, 106.786785386312 -6.233232257475543, 106.78675881667732 -6.233219690974228, 106.78673360671522 -6.233204580704441, 106.7867099992114 -6.233187072186338, 106.78668822151904 -6.233167334036521, 106.78666848336923 -6.233145556344163, 106.78665097485111 -6.2331219488403455, 106.78663586458133 -6.233096738878235, 106.78662329808002 -6.2330701692435495, 106.78661339636945 -6.2330424958163935, 106.78660625480852 -6.233013985106999, 106.78660194217437 -6.232984911689084, 106.7866005 -6.232955555555556, 106.78660194217437 -6.232926199422027, 106.78660625480852 -6.232897126004112, 106.78661339636945 -6.232868615294718, 106.78662329808002 -6.232840941867562, 106.78663586458133 -6.232814372232877, 106.78665097485111 -6.232789162270766, 106.78666848336923 -6.2327655547669485, 106.78668822151904 -6.232743777074591, 106.7867099992114 -6.232724038924774, 106.78673360671522 -6.232706530406671, 106.78675881667732 -6.2326914201368835, 106.786785386312 -6.232678853635568, 106.78681305973916 -6.232668951925004, 106.78684157044856 -6.232661810364075, 106.78687064386648 -6.232657497729917, 106.7869 -6.232656055555556, 106.78692935613353 -6.232657497729917, 106.78695842955145 -6.232661810364075, 106.78698694026085 -6.232668951925004, 106.787014613688 -6.232678853635568, 106.78704118332269 -6.2326914201368835, 106.78706639328479 -6.232706530406671, 106.78709000078861 -6.232724038924774, 106.78711177848096 -6.232743777074591, 106.78713151663078 -6.2327655547669485, 106.78714902514889 -6.232789162270766, 106.78716413541868 -6.232814372232877, 106.78717670191999 -6.232840941867562, 106.78718660363056 -6.232868615294718, 106.78719374519149 -6.232897126004112, 106.78719805782563 -6.232926199422027, 106.7871995 -6.232955555555556))"
RSIA BRAWIJAYAJAKARTA,"POLYGON ((106.80779116666666 -6.257558333333334, 106.8077897244923 -6.257587689466862, 106.80778541185815 -6.257616762884777, 106.80777827029722 -6.257645273594171, 106.80776836858665 -6.2576729470213275, 106.80775580208534 -6.257699516656013, 106.80774069181555 -6.2577247266181235, 106.80772318329744 -6.257748334121941, 106.80770344514762 -6.257770111814299, 106.80768166745527 -6.257789849964116, 106.80765805995145 -6.257807358482219, 106.80763284998935 -6.257822468752006, 106.80760628035466 -6.257835035253321, 106.8075786069275 -6.2578449369638856, 106.80755009621811 -6.257852078524815, 106.80752102280019 -6.257856391158972, 106.80749166666666 -6.2578578333333335, 106.80746231053314 -6.257856391158972, 106.80743323711522 -6.257852078524815, 106.80740472640582 -6.2578449369638856, 106.80737705297867 -6.257835035253321, 106.80735048334398 -6.257822468752006, 106.80732527338188 -6.257807358482219, 106.80730166587806 -6.257789849964116, 106.8072798881857 -6.257770111814299, 106.80726015003589 -6.257748334121941, 106.80724264151777 -6.2577247266181235, 106.80722753124799 -6.257699516656013, 106.80721496474668 -6.2576729470213275, 106.80720506303611 -6.257645273594171, 106.80719792147518 -6.257616762884777, 106.80719360884103 -6.257587689466862, 106.80719216666667 -6.257558333333334, 106.80719360884103 -6.257528977199805, 106.80719792147518 -6.25749990378189, 106.80720506303611 -6.257471393072496, 106.80721496474668 -6.25744371964534, 106.80722753124799 -6.257417150010655, 106.80724264151777 -6.257391940048544, 106.80726015003589 -6.2573683325447265, 106.8072798881857 -6.257346554852369, 106.80730166587806 -6.257326816702552, 106.80732527338188 -6.257309308184449, 106.80735048334398 -6.2572941979146615, 106.80737705297867 -6.257281631413346, 106.80740472640582 -6.257271729702782, 106.80743323711522 -6.257264588141853, 106.80746231053314 -6.257260275507695, 106.80749166666666 -6.257258833333334, 106.80752102280019 -6.257260275507695, 106.80755009621811 -6.257264588141853, 106.8075786069275 -6.257271729702782, 106.80760628035466 -6.257281631413346, 106.80763284998935 -6.2572941979146615, 106.80765805995145 -6.257309308184449, 106.80768166745527 -6.257326816702552, 106.80770344514762 -6.257346554852369, 106.80772318329744 -6.2573683325447265, 106.80774069181555 -6.257391940048544, 106.80775580208534 -6.257417150010655, 106.80776836858665 -6.25744371964534, 106.80777827029722 -6.257471393072496, 106.80778541185815 -6.25749990378189, 106.8077897244923 -6.257528977199805, 106.80779116666666 -6.257558333333334))"
Menara Prima B,"POLYGON ((106.8252995 -6.229619444444444, 106.82529805782563 -6.229648800577973, 106.82529374519149 -6.229677873995888, 106.82528660363056 -6.229706384705282, 106.82527670191999 -6.229734058132438, 106.82526413541868 -6.229760627767123, 106.82524902514889 -6.229785837729234, 106.82523151663078 -6.229809445233052, 106.82521177848096 -6.22983122292541, 106.82519000078861 -6.229850961075226, 106.82516639328479 -6.229868469593329, 106.82514118332269 -6.229883579863117, 106.825114613688 -6.229896146364432, 106.82508694026085 -6.229906048074996, 106.82505842955145 -6.229913189635925, 106.82502935613353 -6.229917502270083, 106.825 -6.229918944444444, 106.82497064386648 -6.229917502270083, 106.82494157044856 -6.229913189635925, 106.82491305973916 -6.229906048074996, 106.824885386312 -6.229896146364432, 106.82485881667732 -6.229883579863117, 106.82483360671522 -6.229868469593329, 106.8248099992114 -6.229850961075226, 106.82478822151904 -6.22983122292541, 106.82476848336923 -6.229809445233052, 106.82475097485111 -6.229785837729234, 106.82473586458133 -6.229760627767123, 106.82472329808002 -6.229734058132438, 106.82471339636945 -6.229706384705282, 106.82470625480852 -6.229677873995888, 106.82470194217437 -6.229648800577973, 106.8247005 -6.229619444444444, 106.82470194217437 -6.229590088310916, 106.82470625480852 -6.229561014893001, 106.82471339636945 -6.229532504183607, 106.82472329808002 -6.229504830756451, 106.82473586458133 -6.229478261121765, 106.82475097485111 -6.229453051159655, 106.82476848336923 -6.229429443655837, 106.82478822151904 -6.229407665963479, 106.8248099992114 -6.229387927813662, 106.82483360671522 -6.2293704192955595, 106.82485881667732 -6.229355309025772, 106.824885386312 -6.229342742524457, 106.82491305973916 -6.229332840813893, 106.82494157044856 -6.229325699252963, 106.82497064386648 -6.229321386618806, 106.825 -6.229319944444445, 106.82502935613353 -6.229321386618806, 106.82505842955145 -6.229325699252963, 106.82508694026085 -6.229332840813893, 106.825114613688 -6.229342742524457, 106.82514118332269 -6.229355309025772, 106.82516639328479 -6.2293704192955595, 106.82519000078861 -6.229387927813662, 106.82521177848096 -6.229407665963479, 106.82523151663078 -6.229429443655837, 106.82524902514889 -6.229453051159655, 106.82526413541868 -6.229478261121765, 106.82527670191999 -6.229504830756451, 106.82528660363056 -6.229532504183607, 106.82529374519149 -6.229561014893001, 106.82529805782563 -6.229590088310916, 106.8252995 -6.229619444444444))"
LTE_RITZ_CARLTON,"POLYGON ((106.8274606111111 -6.228513888888889, 106.82745916893674 -6.228543245022418, 106.8274548563026 -6.2285723184403325, 106.82744771474167 -6.228600829149727, 106.8274378130311 -6.228628502576883, 106.82742524652978 -6.228655072211568, 106.82741013626 -6.228680282173679, 106.82739262774189 -6.228703889677496, 106.82737288959207 -6.228725667369854, 106.82735111189972 -6.228745405519671, 106.8273275043959 -6.228762914037774, 106.82730229443379 -6.2287780243075614, 106.82727572479911 -6.2287905908088765, 106.82724805137195 -6.228800492519441, 106.82721954066255 -6.22880763408037, 106.82719046724463 -6.2288119467145275, 106.82716111111111 -6.228813388888889, 106.82713175497759 -6.2288119467145275, 106.82710268155967 -6.22880763408037, 106.82707417085027 -6.228800492519441, 106.82704649742311 -6.2287905908088765, 106.82701992778843 -6.2287780243075614, 106.82699471782632 -6.228762914037774, 106.8269711103225 -6.228745405519671, 106.82694933263015 -6.228725667369854, 106.82692959448033 -6.228703889677496, 106.82691208596222 -6.228680282173679, 106.82689697569243 -6.228655072211568, 106.82688440919112 -6.228628502576883, 106.82687450748055 -6.228600829149727, 106.82686736591963 -6.2285723184403325, 106.82686305328548 -6.228543245022418, 106.82686161111111 -6.228513888888889, 106.82686305328548 -6.228484532755361, 106.82686736591963 -6.228455459337446, 106.82687450748055 -6.2284269486280515, 106.82688440919112 -6.228399275200895, 106.82689697569243 -6.22837270556621, 106.82691208596222 -6.228347495604099, 106.82692959448033 -6.228323888100282, 106.82694933263015 -6.228302110407924, 106.8269711103225 -6.228282372258107, 106.82699471782632 -6.228264863740004, 106.82701992778843 -6.228249753470217, 106.82704649742311 -6.228237186968902, 106.82707417085027 -6.228227285258337, 106.82710268155967 -6.228220143697408, 106.82713175497759 -6.228215831063251, 106.82716111111111 -6.2282143888888895, 106.82719046724463 -6.228215831063251, 106.82721954066255 -6.228220143697408, 106.82724805137195 -6.228227285258337, 106.82727572479911 -6.228237186968902, 106.82730229443379 -6.228249753470217, 106.8273275043959 -6.228264863740004, 106.82735111189972 -6.228282372258107, 106.82737288959207 -6.228302110407924, 106.82739262774189 -6.228323888100282, 106.82741013626 -6.228347495604099, 106.82742524652978 -6.22837270556621, 106.8274378130311 -6.228399275200895, 106.82744771474167 -6.2284269486280515, 106.8274548563026 -6.228455459337446, 106.82745916893674 -6.228484532755361, 106.8274606111111 -6.228513888888889))"
ROYAL KUNINGAN HOTEL,"POLYGON ((106.82993005555555 -6.206419444444444, 106.82992861338118 -6.206448800577973, 106.82992430074704 -6.206477873995888, 106.82991715918611 -6.206506384705282, 106.82990725747554 -6.206534058132438, 106.82989469097423 -6.206560627767123, 106.82987958070444 -6.206585837729234, 106.82986207218633 -6.206609445233052, 106.82984233403651 -6.2066312229254095, 106.82982055634416 -6.206650961075226, 106.82979694884034 -6.206668469593329, 106.82977173887824 -6.206683579863117, 106.82974516924355 -6.206696146364432, 106.8297174958164 -6.206706048074996, 106.829688985107 -6.206713189635925, 106.82965991168908 -6.206717502270083, 106.82963055555555 -6.206718944444444, 106.82960119942203 -6.206717502270083, 106.82957212600411 -6.206713189635925, 106.82954361529471 -6.206706048074996, 106.82951594186756 -6.206696146364432, 106.82948937223287 -6.206683579863117, 106.82946416227077 -6.206668469593329, 106.82944055476695 -6.206650961075226, 106.8294187770746 -6.2066312229254095, 106.82939903892478 -6.206609445233052, 106.82938153040666 -6.206585837729234, 106.82936642013688 -6.206560627767123, 106.82935385363557 -6.206534058132438, 106.829343951925 -6.206506384705282, 106.82933681036407 -6.206477873995888, 106.82933249772992 -6.206448800577973, 106.82933105555556 -6.206419444444444, 106.82933249772992 -6.206390088310916, 106.82933681036407 -6.206361014893001, 106.829343951925 -6.206332504183607, 106.82935385363557 -6.206304830756451, 106.82936642013688 -6.206278261121765, 106.82938153040666 -6.2062530511596545, 106.82939903892478 -6.206229443655837, 106.8294187770746 -6.206207665963479, 106.82944055476695 -6.206187927813662, 106.82946416227077 -6.206170419295559, 106.82948937223287 -6.206155309025772, 106.82951594186756 -6.206142742524457, 106.82954361529471 -6.2061328408138925, 106.82957212600411 -6.206125699252963, 106.82960119942203 -6.206121386618806, 106.82963055555555 -6.206119944444445, 106.82965991168908 -6.206121386618806, 106.829688985107 -6.206125699252963, 106.8297174958164 -6.2061328408138925, 106.82974516924355 -6.206142742524457, 106.82977173887824 -6.206155309025772, 106.82979694884034 -6.206170419295559, 106.82982055634416 -6.206187927813662, 106.82984233403651 -6.206207665963479, 106.82986207218633 -6.206229443655837, 106.82987958070444 -6.2062530511596545, 106.82989469097423 -6.206278261121765, 106.82990725747554 -6.206304830756451, 106.82991715918611 -6.206332504183607, 106.82992430074704 -6.206361014893001, 106.82992861338118 -6.206390088310916, 106.82993005555555 -6.206419444444444))"
HTLJSLUWANSAKUNINGAN,"POLYGON ((106.83298283333333 -6.2228361111111115, 106.83298139115897 -6.22286546724464, 106.83297707852482 -6.222894540662555, 106.83296993696389 -6.222923051371949, 106.83296003525332 -6.222950724799105, 106.83294746875201 -6.22297729443379, 106.83293235848222 -6.223002504395901, 106.83291484996411 -6.223026111899719, 106.8328951118143 -6.223047889592077, 106.83287333412194 -6.2230676277418935, 106.83284972661812 -6.223085136259996, 106.83282451665602 -6.223100246529784, 106.83279794702133 -6.223112813031099, 106.83277027359418 -6.223122714741663, 106.83274176288478 -6.2231298563025925, 106.83271268946686 -6.22313416893675, 106.83268333333334 -6.223135611111111, 106.83265397719981 -6.22313416893675, 106.83262490378189 -6.2231298563025925, 106.83259639307249 -6.223122714741663, 106.83256871964534 -6.223112813031099, 106.83254215001065 -6.223100246529784, 106.83251694004855 -6.223085136259996, 106.83249333254473 -6.2230676277418935, 106.83247155485238 -6.223047889592077, 106.83245181670256 -6.223026111899719, 106.83243430818445 -6.223002504395901, 106.83241919791466 -6.22297729443379, 106.83240663141335 -6.222950724799105, 106.83239672970278 -6.222923051371949, 106.83238958814185 -6.222894540662555, 106.8323852755077 -6.22286546724464, 106.83238383333334 -6.2228361111111115, 106.8323852755077 -6.222806754977583, 106.83238958814185 -6.222777681559668, 106.83239672970278 -6.222749170850274, 106.83240663141335 -6.222721497423118, 106.83241919791466 -6.2226949277884325, 106.83243430818445 -6.222669717826322, 106.83245181670256 -6.222646110322504, 106.83247155485238 -6.222624332630146, 106.83249333254473 -6.222604594480329, 106.83251694004855 -6.2225870859622265, 106.83254215001065 -6.222571975692439, 106.83256871964534 -6.222559409191124, 106.83259639307249 -6.22254950748056, 106.83262490378189 -6.22254236591963, 106.83265397719981 -6.222538053285473, 106.83268333333334 -6.222536611111112, 106.83271268946686 -6.222538053285473, 106.83274176288478 -6.22254236591963, 106.83277027359418 -6.22254950748056, 106.83279794702133 -6.222559409191124, 106.83282451665602 -6.222571975692439, 106.83284972661812 -6.2225870859622265, 106.83287333412194 -6.222604594480329, 106.8328951118143 -6.222624332630146, 106.83291484996411 -6.222646110322504, 106.83293235848222 -6.222669717826322, 106.83294746875201 -6.2226949277884325, 106.83296003525332 -6.222721497423118, 106.83296993696389 -6.222749170850274, 106.83297707852482 -6.222777681559668, 106.83298139115897 -6.222806754977583, 106.83298283333333 -6.2228361111111115))"
KCA Belatera Kelapa Gading,"POLYGON ((106.89608283333334 -6.1746, 106.89608139115897 -6.174629356133528, 106.89607707852483 -6.174658429551443, 106.8960699369639 -6.1746869402608375, 106.89606003525333 -6.174714613687994, 106.89604746875202 -6.174741183322679, 106.89603235848223 -6.17476639328479, 106.89601484996412 -6.174790000788607, 106.8959951118143 -6.174811778480965, 106.89597333412195 -6.174831516630782, 106.89594972661813 -6.174849025148885, 106.89592451665602 -6.174864135418672, 106.89589794702134 -6.174876701919987, 106.89587027359418 -6.174886603630552, 106.89584176288479 -6.174893745191481, 106.89581268946687 -6.174898057825638, 106.89578333333334 -6.1748994999999995, 106.89575397719982 -6.174898057825638, 106.8957249037819 -6.174893745191481, 106.8956963930725 -6.174886603630552, 106.89566871964534 -6.174876701919987, 106.89564215001066 -6.174864135418672, 106.89561694004855 -6.174849025148885, 106.89559333254473 -6.174831516630782, 106.89557155485238 -6.174811778480965, 106.89555181670256 -6.174790000788607, 106.89553430818445 -6.17476639328479, 106.89551919791467 -6.174741183322679, 106.89550663141335 -6.174714613687994, 106.89549672970278 -6.1746869402608375, 106.89548958814186 -6.174658429551443, 106.89548527550771 -6.174629356133528, 106.89548383333334 -6.1746, 106.89548527550771 -6.174570643866471, 106.89548958814186 -6.1745415704485564, 106.89549672970278 -6.174513059739162, 106.89550663141335 -6.174485386312006, 106.89551919791467 -6.174458816677321, 106.89553430818445 -6.17443360671521, 106.89555181670256 -6.1744099992113926, 106.89557155485238 -6.174388221519035, 106.89559333254473 -6.174368483369218, 106.89561694004855 -6.174350974851115, 106.89564215001066 -6.1743358645813275, 106.89566871964534 -6.1743232980800125, 106.8956963930725 -6.174313396369448, 106.8957249037819 -6.174306254808519, 106.89575397719982 -6.1743019421743615, 106.89578333333334 -6.1743005, 106.89581268946687 -6.1743019421743615, 106.89584176288479 -6.174306254808519, 106.89587027359418 -6.174313396369448, 106.89589794702134 -6.1743232980800125, 106.89592451665602 -6.1743358645813275, 106.89594972661813 -6.174350974851115, 106.89597333412195 -6.174368483369218, 106.8959951118143 -6.174388221519035, 106.89601484996412 -6.1744099992113926, 106.89603235848223 -6.17443360671521, 106.89604746875202 -6.174458816677321, 106.89606003525333 -6.174485386312006, 106.8960699369639 -6.174513059739162, 106.89607707852483 -6.1745415704485564, 106.89608139115897 -6.174570643866471, 106.89608283333334 -6.1746))"
3G_RS_PLUIT,"POLYGON ((106.79982727777778 -6.1257777777777775, 106.79982583560341 -6.125807133911306, 106.79982152296927 -6.125836207329221, 106.79981438140834 -6.125864718038615, 106.79980447969777 -6.125892391465771, 106.79979191319646 -6.1259189611004565, 106.79977680292667 -6.125944171062567, 106.79975929440856 -6.125967778566385, 106.79973955625874 -6.125989556258743, 106.79971777856639 -6.12600929440856, 106.79969417106257 -6.1260268029266625, 106.79966896110047 -6.12604191319645, 106.79964239146578 -6.126054479697765, 106.79961471803863 -6.126064381408329, 106.79958620732923 -6.126071522969259, 106.7995571339113 -6.126075835603416, 106.79952777777778 -6.126077277777777, 106.79949842164426 -6.126075835603416, 106.79946934822634 -6.126071522969259, 106.79944083751694 -6.126064381408329, 106.79941316408978 -6.126054479697765, 106.7993865944551 -6.12604191319645, 106.799361384493 -6.1260268029266625, 106.79933777698918 -6.12600929440856, 106.79931599929682 -6.125989556258743, 106.799296261147 -6.125967778566385, 106.7992787526289 -6.125944171062567, 106.79926364235911 -6.1259189611004565, 106.7992510758578 -6.125892391465771, 106.79924117414723 -6.125864718038615, 106.7992340325863 -6.125836207329221, 106.79922971995215 -6.125807133911306, 106.79922827777779 -6.1257777777777775, 106.79922971995215 -6.125748421644249, 106.7992340325863 -6.125719348226334, 106.79924117414723 -6.12569083751694, 106.7992510758578 -6.125663164089784, 106.79926364235911 -6.125636594455099, 106.7992787526289 -6.125611384492988, 106.799296261147 -6.12558777698917, 106.79931599929682 -6.125565999296812, 106.79933777698918 -6.1255462611469955, 106.799361384493 -6.125528752628893, 106.7993865944551 -6.125513642359105, 106.79941316408978 -6.12550107585779, 106.79944083751694 -6.125491174147226, 106.79946934822634 -6.1254840325862965, 106.79949842164426 -6.125479719952139, 106.79952777777778 -6.125478277777778, 106.7995571339113 -6.125479719952139, 106.79958620732923 -6.1254840325862965, 106.79961471803863 -6.125491174147226, 106.79964239146578 -6.12550107585779, 106.79966896110047 -6.125513642359105, 106.79969417106257 -6.125528752628893, 106.79971777856639 -6.1255462611469955, 106.79973955625874 -6.125565999296812, 106.79975929440856 -6.12558777698917, 106.79977680292667 -6.125611384492988, 106.79979191319646 -6.125636594455099, 106.79980447969777 -6.125663164089784, 106.79981438140834 -6.12569083751694, 106.79982152296927 -6.125719348226334, 106.79982583560341 -6.125748421644249, 106.79982727777778 -6.1257777777777775))"
Mall of Indonesia,"POLYGON ((106.8921495 -6.151519444444445, 106.89214805782564 -6.151548800577974, 106.89214374519149 -6.151577873995889, 106.89213660363056 -6.151606384705283, 106.89212670191999 -6.151634058132439, 106.89211413541868 -6.151660627767124, 106.8920990251489 -6.151685837729235, 106.89208151663078 -6.1517094452330525, 106.89206177848097 -6.15173122292541, 106.89204000078861 -6.151750961075227, 106.89201639328479 -6.15176846959333, 106.89199118332269 -6.1517835798631175, 106.891964613688 -6.151796146364433, 106.89193694026085 -6.151806048074997, 106.89190842955145 -6.151813189635926, 106.89187935613353 -6.151817502270084, 106.89185 -6.151818944444445, 106.89182064386648 -6.151817502270084, 106.89179157044856 -6.151813189635926, 106.89176305973916 -6.151806048074997, 106.891735386312 -6.151796146364433, 106.89170881667732 -6.1517835798631175, 106.89168360671522 -6.15176846959333, 106.8916599992114 -6.151750961075227, 106.89163822151905 -6.15173122292541, 106.89161848336923 -6.1517094452330525, 106.89160097485112 -6.151685837729235, 106.89158586458133 -6.151660627767124, 106.89157329808002 -6.151634058132439, 106.89156339636945 -6.151606384705283, 106.89155625480852 -6.151577873995889, 106.89155194217437 -6.151548800577974, 106.89155050000001 -6.151519444444445, 106.89155194217437 -6.151490088310917, 106.89155625480852 -6.151461014893002, 106.89156339636945 -6.1514325041836075, 106.89157329808002 -6.1514048307564515, 106.89158586458133 -6.151378261121766, 106.89160097485112 -6.1513530511596555, 106.89161848336923 -6.151329443655838, 106.89163822151905 -6.15130766596348, 106.8916599992114 -6.151287927813663, 106.89168360671522 -6.15127041929556, 106.89170881667732 -6.151255309025773, 106.891735386312 -6.151242742524458, 106.89176305973916 -6.151232840813893, 106.89179157044856 -6.151225699252964, 106.89182064386648 -6.151221386618807, 106.89185 -6.1512199444444455, 106.89187935613353 -6.151221386618807, 106.89190842955145 -6.151225699252964, 106.89193694026085 -6.151232840813893, 106.891964613688 -6.151242742524458, 106.89199118332269 -6.151255309025773, 106.89201639328479 -6.15127041929556, 106.89204000078861 -6.151287927813663, 106.89206177848097 -6.15130766596348, 106.89208151663078 -6.151329443655838, 106.8920990251489 -6.1513530511596555, 106.89211413541868 -6.151378261121766, 106.89212670191999 -6.1514048307564515, 106.89213660363056 -6.1514325041836075, 106.89214374519149 -6.151461014893002, 106.89214805782564 -6.151490088310917, 106.8921495 -6.151519444444445))"
HtlHarrisKelapaGading,"POLYGON ((106.91030549999999 -6.157674, 106.91030405782563 -6.157703356133529, 106.91029974519148 -6.1577324295514435, 106.91029260363055 -6.157760940260838, 106.91028270191998 -6.157788613687994, 106.91027013541867 -6.157815183322679, 106.91025502514889 -6.15784039328479, 106.91023751663077 -6.157864000788607, 106.91021777848096 -6.157885778480965, 106.9101960007886 -6.157905516630782, 106.91017239328478 -6.157923025148885, 106.91014718332268 -6.157938135418672, 106.910120613688 -6.1579507019199875, 106.91009294026084 -6.157960603630552, 106.91006442955144 -6.157967745191481, 106.91003535613352 -6.1579720578256385, 106.910006 -6.1579735, 106.90997664386647 -6.1579720578256385, 106.90994757044855 -6.157967745191481, 106.90991905973915 -6.157960603630552, 106.909891386312 -6.1579507019199875, 106.90986481667731 -6.157938135418672, 106.90983960671521 -6.157923025148885, 106.90981599921139 -6.157905516630782, 106.90979422151904 -6.157885778480965, 106.90977448336922 -6.157864000788607, 106.9097569748511 -6.15784039328479, 106.90974186458132 -6.157815183322679, 106.90972929808001 -6.157788613687994, 106.90971939636944 -6.157760940260838, 106.90971225480851 -6.1577324295514435, 106.90970794217436 -6.157703356133529, 106.9097065 -6.157674, 106.90970794217436 -6.157644643866472, 106.90971225480851 -6.157615570448557, 106.90971939636944 -6.157587059739162, 106.90972929808001 -6.157559386312006, 106.90974186458132 -6.157532816677321, 106.9097569748511 -6.15750760671521, 106.90977448336922 -6.157483999211393, 106.90979422151904 -6.157462221519035, 106.90981599921139 -6.157442483369218, 106.90983960671521 -6.157424974851115, 106.90986481667731 -6.157409864581328, 106.909891386312 -6.157397298080013, 106.90991905973915 -6.157387396369448, 106.90994757044855 -6.157380254808519, 106.90997664386647 -6.157375942174362, 106.910006 -6.1573745, 106.91003535613352 -6.157375942174362, 106.91006442955144 -6.157380254808519, 106.91009294026084 -6.157387396369448, 106.910120613688 -6.157397298080013, 106.91014718332268 -6.157409864581328, 106.91017239328478 -6.157424974851115, 106.9101960007886 -6.157442483369218, 106.91021777848096 -6.157462221519035, 106.91023751663077 -6.157483999211393, 106.91025502514889 -6.15750760671521, 106.91027013541867 -6.157532816677321, 106.91028270191998 -6.157559386312006, 106.91029260363055 -6.157587059739162, 106.91029974519148 -6.157615570448557, 106.91030405782563 -6.157644643866472, 106.91030549999999 -6.157674))"
3G_RS_GADING_PLUIT,"POLYGON ((106.91615783333333 -6.166191666666667, 106.91615639115896 -6.166221022800196, 106.91615207852482 -6.166250096218111, 106.91614493696389 -6.166278606927505, 106.91613503525332 -6.166306280354661, 106.91612246875201 -6.166332849989346, 106.91610735848222 -6.166358059951457, 106.91608984996411 -6.1663816674552745, 106.91607011181429 -6.166403445147632, 106.91604833412194 -6.166423183297449, 106.91602472661812 -6.166440691815552, 106.91599951665602 -6.1664558020853395, 106.91597294702133 -6.166468368586655, 106.91594527359418 -6.166478270297219, 106.91591676288478 -6.166485411858148, 106.91588768946686 -6.166489724492306, 106.91585833333333 -6.166491166666667, 106.91582897719981 -6.166489724492306, 106.91579990378189 -6.166485411858148, 106.91577139307249 -6.166478270297219, 106.91574371964533 -6.166468368586655, 106.91571715001065 -6.1664558020853395, 106.91569194004855 -6.166440691815552, 106.91566833254473 -6.166423183297449, 106.91564655485237 -6.166403445147632, 106.91562681670256 -6.1663816674552745, 106.91560930818444 -6.166358059951457, 106.91559419791466 -6.166332849989346, 106.91558163141335 -6.166306280354661, 106.91557172970278 -6.166278606927505, 106.91556458814185 -6.166250096218111, 106.9155602755077 -6.166221022800196, 106.91555883333334 -6.166191666666667, 106.9155602755077 -6.166162310533139, 106.91556458814185 -6.166133237115224, 106.91557172970278 -6.1661047264058295, 106.91558163141335 -6.1660770529786735, 106.91559419791466 -6.166050483343988, 106.91560930818444 -6.1660252733818774, 106.91562681670256 -6.16600166587806, 106.91564655485237 -6.165979888185702, 106.91566833254473 -6.165960150035885, 106.91569194004855 -6.165942641517782, 106.91571715001065 -6.165927531247995, 106.91574371964533 -6.16591496474668, 106.91577139307249 -6.165905063036115, 106.91579990378189 -6.165897921475186, 106.91582897719981 -6.165893608841029, 106.91585833333333 -6.1658921666666675, 106.91588768946686 -6.165893608841029, 106.91591676288478 -6.165897921475186, 106.91594527359418 -6.165905063036115, 106.91597294702133 -6.16591496474668, 106.91599951665602 -6.165927531247995, 106.91602472661812 -6.165942641517782, 106.91604833412194 -6.165960150035885, 106.91607011181429 -6.165979888185702, 106.91608984996411 -6.16600166587806, 106.91610735848222 -6.1660252733818774, 106.91612246875201 -6.166050483343988, 106.91613503525332 -6.1660770529786735, 106.91614493696389 -6.1661047264058295, 106.91615207852482 -6.166133237115224, 106.91615639115896 -6.166162310533139, 106.91615783333333 -6.166191666666667))"
DOUBLE3 CIKINI,"POLYGON ((106.84341338888888 -6.198886111111111, 106.84341194671451 -6.19891546724464, 106.84340763408036 -6.198944540662555, 106.84340049251944 -6.198973051371949, 106.84339059080887 -6.199000724799105, 106.84337802430755 -6.19902729443379, 106.84336291403777 -6.199052504395901, 106.84334540551966 -6.199076111899719, 106.84332566736984 -6.1990978895920765, 106.84330388967749 -6.199117627741893, 106.84328028217367 -6.199135136259996, 106.84325507221156 -6.199150246529784, 106.84322850257688 -6.199162813031099, 106.84320082914972 -6.199172714741663, 106.84317231844032 -6.199179856302592, 106.8431432450224 -6.19918416893675, 106.84311388888888 -6.199185611111111, 106.84308453275536 -6.19918416893675, 106.84305545933744 -6.199179856302592, 106.84302694862804 -6.199172714741663, 106.84299927520088 -6.199162813031099, 106.8429727055662 -6.199150246529784, 106.8429474956041 -6.199135136259996, 106.84292388810027 -6.199117627741893, 106.84290211040792 -6.1990978895920765, 106.8428823722581 -6.199076111899719, 106.84286486373999 -6.199052504395901, 106.8428497534702 -6.19902729443379, 106.8428371869689 -6.199000724799105, 106.84282728525832 -6.198973051371949, 106.8428201436974 -6.198944540662555, 106.84281583106325 -6.19891546724464, 106.84281438888888 -6.198886111111111, 106.84281583106325 -6.198856754977583, 106.8428201436974 -6.198827681559668, 106.84282728525832 -6.198799170850274, 106.8428371869689 -6.198771497423118, 106.8428497534702 -6.198744927788432, 106.84286486373999 -6.198719717826322, 106.8428823722581 -6.198696110322504, 106.84290211040792 -6.198674332630146, 106.84292388810027 -6.198654594480329, 106.8429474956041 -6.198637085962226, 106.8429727055662 -6.198621975692439, 106.84299927520088 -6.198609409191124, 106.84302694862804 -6.1985995074805595, 106.84305545933744 -6.19859236591963, 106.84308453275536 -6.198588053285473, 106.84311388888888 -6.198586611111112, 106.8431432450224 -6.198588053285473, 106.84317231844032 -6.19859236591963, 106.84320082914972 -6.1985995074805595, 106.84322850257688 -6.198609409191124, 106.84325507221156 -6.198621975692439, 106.84328028217367 -6.198637085962226, 106.84330388967749 -6.198654594480329, 106.84332566736984 -6.198674332630146, 106.84334540551966 -6.198696110322504, 106.84336291403777 -6.198719717826322, 106.84337802430755 -6.198744927788432, 106.84339059080887 -6.198771497423118, 106.84340049251944 -6.198799170850274, 106.84340763408036 -6.198827681559668, 106.84341194671451 -6.198856754977583, 106.84341338888888 -6.198886111111111))"
3G_SCTV_TOWER,"POLYGON ((106.7973995 -6.227888888888889, 106.79739805782563 -6.227918245022417, 106.79739374519148 -6.227947318440332, 106.79738660363056 -6.2279758291497265, 106.79737670191999 -6.2280035025768825, 106.79736413541868 -6.228030072211568, 106.79734902514889 -6.2280552821736785, 106.79733151663078 -6.228078889677496, 106.79731177848096 -6.228100667369854, 106.7972900007886 -6.228120405519671, 106.79726639328479 -6.228137914037774, 106.79724118332268 -6.228153024307561, 106.797214613688 -6.228165590808876, 106.79718694026084 -6.228175492519441, 106.79715842955144 -6.22818263408037, 106.79712935613352 -6.228186946714527, 106.7971 -6.2281883888888885, 106.79707064386648 -6.228186946714527, 106.79704157044856 -6.22818263408037, 106.79701305973916 -6.228175492519441, 106.796985386312 -6.228165590808876, 106.79695881667732 -6.228153024307561, 106.79693360671521 -6.228137914037774, 106.7969099992114 -6.228120405519671, 106.79688822151904 -6.228100667369854, 106.79686848336922 -6.228078889677496, 106.79685097485111 -6.2280552821736785, 106.79683586458133 -6.228030072211568, 106.79682329808001 -6.2280035025768825, 106.79681339636944 -6.2279758291497265, 106.79680625480852 -6.227947318440332, 106.79680194217437 -6.227918245022417, 106.7968005 -6.227888888888889, 106.79680194217437 -6.22785953275536, 106.79680625480852 -6.227830459337445, 106.79681339636944 -6.227801948628051, 106.79682329808001 -6.227774275200895, 106.79683586458133 -6.22774770556621, 106.79685097485111 -6.227722495604099, 106.79686848336922 -6.2276988881002815, 106.79688822151904 -6.227677110407924, 106.7969099992114 -6.227657372258107, 106.79693360671521 -6.227639863740004, 106.79695881667732 -6.2276247534702165, 106.796985386312 -6.227612186968901, 106.79701305973916 -6.227602285258337, 106.79704157044856 -6.227595143697408, 106.79707064386648 -6.22759083106325, 106.7971 -6.227589388888889, 106.79712935613352 -6.22759083106325, 106.79715842955144 -6.227595143697408, 106.79718694026084 -6.227602285258337, 106.797214613688 -6.227612186968901, 106.79724118332268 -6.2276247534702165, 106.79726639328479 -6.227639863740004, 106.7972900007886 -6.227657372258107, 106.79731177848096 -6.227677110407924, 106.79733151663078 -6.2276988881002815, 106.79734902514889 -6.227722495604099, 106.79736413541868 -6.22774770556621, 106.79737670191999 -6.227774275200895, 106.79738660363056 -6.227801948628051, 106.79739374519148 -6.227830459337445, 106.79739805782563 -6.22785953275536, 106.7973995 -6.227888888888889))"
Blok B Tanah Abang,"POLYGON ((106.81506894444443 -6.187686111111112, 106.81506750227007 -6.18771546724464, 106.81506318963592 -6.187744540662555, 106.815056048075 -6.187773051371949, 106.81504614636442 -6.187800724799105, 106.81503357986311 -6.187827294433791, 106.81501846959333 -6.187852504395901, 106.81500096107521 -6.187876111899719, 106.8149812229254 -6.187897889592077, 106.81495944523304 -6.187917627741894, 106.81493583772922 -6.187935136259997, 106.81491062776712 -6.187950246529784, 106.81488405813244 -6.187962813031099, 106.81485638470528 -6.187972714741663, 106.81482787399588 -6.187979856302593, 106.81479880057796 -6.18798416893675, 106.81476944444444 -6.187985611111111, 106.81474008831091 -6.18798416893675, 106.81471101489299 -6.187979856302593, 106.8146825041836 -6.187972714741663, 106.81465483075644 -6.187962813031099, 106.81462826112175 -6.187950246529784, 106.81460305115965 -6.187935136259997, 106.81457944365583 -6.187917627741894, 106.81455766596348 -6.187897889592077, 106.81453792781366 -6.187876111899719, 106.81452041929555 -6.187852504395901, 106.81450530902576 -6.187827294433791, 106.81449274252445 -6.187800724799105, 106.81448284081388 -6.187773051371949, 106.81447569925295 -6.187744540662555, 106.8144713866188 -6.18771546724464, 106.81446994444444 -6.187686111111112, 106.8144713866188 -6.187656754977583, 106.81447569925295 -6.187627681559668, 106.81448284081388 -6.187599170850274, 106.81449274252445 -6.187571497423118, 106.81450530902576 -6.187544927788433, 106.81452041929555 -6.187519717826322, 106.81453792781366 -6.187496110322504, 106.81455766596348 -6.1874743326301465, 106.81457944365583 -6.18745459448033, 106.81460305115965 -6.187437085962227, 106.81462826112175 -6.187421975692439, 106.81465483075644 -6.187409409191124, 106.8146825041836 -6.18739950748056, 106.81471101489299 -6.187392365919631, 106.81474008831091 -6.187388053285473, 106.81476944444444 -6.187386611111112, 106.81479880057796 -6.187388053285473, 106.81482787399588 -6.187392365919631, 106.81485638470528 -6.18739950748056, 106.81488405813244 -6.187409409191124, 106.81491062776712 -6.187421975692439, 106.81493583772922 -6.187437085962227, 106.81495944523304 -6.18745459448033, 106.8149812229254 -6.1874743326301465, 106.81500096107521 -6.187496110322504, 106.81501846959333 -6.187519717826322, 106.81503357986311 -6.187544927788433, 106.81504614636442 -6.187571497423118, 106.815056048075 -6.187599170850274, 106.81506318963592 -6.187627681559668, 106.81506750227007 -6.187656754977583, 106.81506894444443 -6.187686111111112))"
TCC BATAVIA,"POLYGON ((106.81643838888888 -6.211194444444445, 106.81643694671452 -6.211223800577973, 106.81643263408037 -6.211252873995888, 106.81642549251944 -6.211281384705282, 106.81641559080887 -6.211309058132438, 106.81640302430756 -6.211335627767124, 106.81638791403778 -6.211360837729234, 106.81637040551966 -6.211384445233052, 106.81635066736985 -6.21140622292541, 106.8163288896775 -6.211425961075227, 106.81630528217367 -6.21144346959333, 106.81628007221157 -6.211458579863117, 106.81625350257688 -6.211471146364432, 106.81622582914973 -6.2114810480749965, 106.81619731844033 -6.211488189635926, 106.81616824502241 -6.211492502270083, 106.81613888888889 -6.211493944444444, 106.81610953275536 -6.211492502270083, 106.81608045933744 -6.211488189635926, 106.81605194862804 -6.2114810480749965, 106.81602427520089 -6.211471146364432, 106.8159977055662 -6.211458579863117, 106.8159724956041 -6.21144346959333, 106.81594888810028 -6.211425961075227, 106.81592711040793 -6.21140622292541, 106.81590737225811 -6.211384445233052, 106.81588986374 -6.211360837729234, 106.81587475347021 -6.211335627767124, 106.8158621869689 -6.211309058132438, 106.81585228525833 -6.211281384705282, 106.8158451436974 -6.211252873995888, 106.81584083106326 -6.211223800577973, 106.81583938888889 -6.211194444444445, 106.81584083106326 -6.211165088310916, 106.8158451436974 -6.211136014893001, 106.81585228525833 -6.211107504183607, 106.8158621869689 -6.211079830756451, 106.81587475347021 -6.211053261121766, 106.81588986374 -6.211028051159655, 106.81590737225811 -6.211004443655837, 106.81592711040793 -6.2109826659634795, 106.81594888810028 -6.210962927813663, 106.8159724956041 -6.21094541929556, 106.8159977055662 -6.210930309025772, 106.81602427520089 -6.210917742524457, 106.81605194862804 -6.210907840813893, 106.81608045933744 -6.210900699252964, 106.81610953275536 -6.210896386618806, 106.81613888888889 -6.210894944444445, 106.81616824502241 -6.210896386618806, 106.81619731844033 -6.210900699252964, 106.81622582914973 -6.210907840813893, 106.81625350257688 -6.210917742524457, 106.81628007221157 -6.210930309025772, 106.81630528217367 -6.21094541929556, 106.8163288896775 -6.210962927813663, 106.81635066736985 -6.2109826659634795, 106.81637040551966 -6.211004443655837, 106.81638791403778 -6.211028051159655, 106.81640302430756 -6.211053261121766, 106.81641559080887 -6.211079830756451, 106.81642549251944 -6.211107504183607, 106.81643263408037 -6.211136014893001, 106.81643694671452 -6.211165088310916, 106.81643838888888 -6.211194444444445))"
APARTEMENCEMPAKAMAS2,"POLYGON ((106.87603283333333 -6.164700000000001, 106.87603139115896 -6.164729356133529, 106.87602707852481 -6.164758429551444, 106.87601993696389 -6.164786940260838, 106.87601003525332 -6.164814613687994, 106.875997468752 -6.16484118332268, 106.87598235848222 -6.1648663932847905, 106.8759648499641 -6.164890000788608, 106.87594511181429 -6.164911778480966, 106.87592333412194 -6.164931516630783, 106.87589972661812 -6.164949025148886, 106.87587451665601 -6.164964135418673, 106.87584794702133 -6.164976701919988, 106.87582027359417 -6.1649866036305525, 106.87579176288477 -6.164993745191482, 106.87576268946685 -6.164998057825639, 106.87573333333333 -6.1649995, 106.8757039771998 -6.164998057825639, 106.87567490378188 -6.164993745191482, 106.87564639307249 -6.1649866036305525, 106.87561871964533 -6.164976701919988, 106.87559215001065 -6.164964135418673, 106.87556694004854 -6.164949025148886, 106.87554333254472 -6.164931516630783, 106.87552155485237 -6.164911778480966, 106.87550181670255 -6.164890000788608, 106.87548430818444 -6.1648663932847905, 106.87546919791465 -6.16484118332268, 106.87545663141334 -6.164814613687994, 106.87544672970277 -6.164786940260838, 106.87543958814184 -6.164758429551444, 106.8754352755077 -6.164729356133529, 106.87543383333333 -6.164700000000001, 106.8754352755077 -6.164670643866472, 106.87543958814184 -6.164641570448557, 106.87544672970277 -6.164613059739163, 106.87545663141334 -6.164585386312007, 106.87546919791465 -6.164558816677322, 106.87548430818444 -6.164533606715211, 106.87550181670255 -6.164509999211393, 106.87552155485237 -6.1644882215190355, 106.87554333254472 -6.164468483369219, 106.87556694004854 -6.164450974851116, 106.87559215001065 -6.164435864581328, 106.87561871964533 -6.164423298080013, 106.87564639307249 -6.164413396369449, 106.87567490378188 -6.16440625480852, 106.8757039771998 -6.164401942174362, 106.87573333333333 -6.164400500000001, 106.87576268946685 -6.164401942174362, 106.87579176288477 -6.16440625480852, 106.87582027359417 -6.164413396369449, 106.87584794702133 -6.164423298080013, 106.87587451665601 -6.164435864581328, 106.87589972661812 -6.164450974851116, 106.87592333412194 -6.164468483369219, 106.87594511181429 -6.1644882215190355, 106.8759648499641 -6.164509999211393, 106.87598235848222 -6.164533606715211, 106.875997468752 -6.164558816677322, 106.87601003525332 -6.164585386312007, 106.87601993696389 -6.164613059739163, 106.87602707852481 -6.164641570448557, 106.87603139115896 -6.164670643866472, 106.87603283333333 -6.164700000000001))"
Bandara Adi Sumarmo,"POLYGON ((110.7502995 -7.513558333333333, 110.75029805782563 -7.513587689466862, 110.75029374519148 -7.5136167628847765, 110.75028660363056 -7.513645273594171, 110.75027670191999 -7.513672947021327, 110.75026413541867 -7.513699516656012, 110.75024902514889 -7.513724726618123, 110.75023151663078 -7.51374833412194, 110.75021177848096 -7.513770111814298, 110.7501900007886 -7.513789849964115, 110.75016639328479 -7.513807358482218, 110.75014118332268 -7.513822468752005, 110.750114613688 -7.5138350352533205, 110.75008694026084 -7.513844936963885, 110.75005842955144 -7.513852078524814, 110.75002935613352 -7.5138563911589715, 110.75 -7.513857833333333, 110.74997064386648 -7.5138563911589715, 110.74994157044856 -7.513852078524814, 110.74991305973916 -7.513844936963885, 110.749885386312 -7.5138350352533205, 110.74985881667732 -7.513822468752005, 110.74983360671521 -7.513807358482218, 110.7498099992114 -7.513789849964115, 110.74978822151904 -7.513770111814298, 110.74976848336922 -7.51374833412194, 110.74975097485111 -7.513724726618123, 110.74973586458133 -7.513699516656012, 110.74972329808001 -7.513672947021327, 110.74971339636944 -7.513645273594171, 110.74970625480852 -7.5136167628847765, 110.74970194217437 -7.513587689466862, 110.7497005 -7.513558333333333, 110.74970194217437 -7.513528977199805, 110.74970625480852 -7.51349990378189, 110.74971339636944 -7.5134713930724955, 110.74972329808001 -7.513443719645339, 110.74973586458133 -7.513417150010654, 110.74975097485111 -7.513391940048543, 110.74976848336922 -7.513368332544726, 110.74978822151904 -7.513346554852368, 110.7498099992114 -7.513326816702551, 110.74983360671521 -7.513309308184448, 110.74985881667732 -7.513294197914661, 110.749885386312 -7.513281631413346, 110.74991305973916 -7.513271729702781, 110.74994157044856 -7.513264588141852, 110.74997064386648 -7.513260275507695, 110.75 -7.513258833333333, 110.75002935613352 -7.513260275507695, 110.75005842955144 -7.513264588141852, 110.75008694026084 -7.513271729702781, 110.750114613688 -7.513281631413346, 110.75014118332268 -7.513294197914661, 110.75016639328479 -7.513309308184448, 110.7501900007886 -7.513326816702551, 110.75021177848096 -7.513346554852368, 110.75023151663078 -7.513368332544726, 110.75024902514889 -7.513391940048543, 110.75026413541867 -7.513417150010654, 110.75027670191999 -7.513443719645339, 110.75028660363056 -7.5134713930724955, 110.75029374519148 -7.51349990378189, 110.75029805782563 -7.513528977199805, 110.7502995 -7.513558333333333))"
Transmart Setiabudi Semarang,"POLYGON ((110.41121894444444 -7.066883333333333, 110.41121750227008 -7.066912689466862, 110.41121318963593 -7.066941762884777, 110.411206048075 -7.066970273594171, 110.41119614636443 -7.066997947021327, 110.41118357986312 -7.067024516656012, 110.41116846959333 -7.067049726618123, 110.41115096107522 -7.0670733341219405, 110.4111312229254 -7.067095111814298, 110.41110944523305 -7.067114849964115, 110.41108583772923 -7.067132358482218, 110.41106062776713 -7.0671474687520055, 110.41103405813244 -7.067160035253321, 110.41100638470529 -7.067169936963885, 110.41097787399589 -7.067177078524814, 110.41094880057797 -7.067181391158972, 110.41091944444445 -7.067182833333333, 110.41089008831092 -7.067181391158972, 110.410861014893 -7.067177078524814, 110.4108325041836 -7.067169936963885, 110.41080483075645 -7.067160035253321, 110.41077826112176 -7.0671474687520055, 110.41075305115966 -7.067132358482218, 110.41072944365584 -7.067114849964115, 110.41070766596349 -7.067095111814298, 110.41068792781367 -7.0670733341219405, 110.41067041929556 -7.067049726618123, 110.41065530902577 -7.067024516656012, 110.41064274252446 -7.066997947021327, 110.41063284081389 -7.066970273594171, 110.41062569925296 -7.066941762884777, 110.41062138661881 -7.066912689466862, 110.41061994444445 -7.066883333333333, 110.41062138661881 -7.066853977199805, 110.41062569925296 -7.06682490378189, 110.41063284081389 -7.0667963930724955, 110.41064274252446 -7.0667687196453395, 110.41065530902577 -7.066742150010654, 110.41067041929556 -7.0667169400485434, 110.41068792781367 -7.066693332544726, 110.41070766596349 -7.066671554852368, 110.41072944365584 -7.066651816702551, 110.41075305115966 -7.066634308184448, 110.41077826112176 -7.066619197914661, 110.41080483075645 -7.066606631413346, 110.4108325041836 -7.066596729702781, 110.410861014893 -7.066589588141852, 110.41089008831092 -7.066585275507695, 110.41091944444445 -7.0665838333333335, 110.41094880057797 -7.066585275507695, 110.41097787399589 -7.066589588141852, 110.41100638470529 -7.066596729702781, 110.41103405813244 -7.066606631413346, 110.41106062776713 -7.066619197914661, 110.41108583772923 -7.066634308184448, 110.41110944523305 -7.066651816702551, 110.4111312229254 -7.066671554852368, 110.41115096107522 -7.066693332544726, 110.41116846959333 -7.0667169400485434, 110.41118357986312 -7.066742150010654, 110.41119614636443 -7.0667687196453395, 110.411206048075 -7.0667963930724955, 110.41121318963593 -7.06682490378189, 110.41121750227008 -7.066853977199805, 110.41121894444444 -7.066883333333333))"
Airport A Yani Semarang,"POLYGON ((110.37521338888888 -6.9656, 110.37521194671451 -6.965629356133529, 110.37520763408037 -6.965658429551444, 110.37520049251944 -6.965686940260838, 110.37519059080887 -6.965714613687994, 110.37517802430756 -6.965741183322679, 110.37516291403777 -6.96576639328479, 110.37514540551966 -6.9657900007886075, 110.37512566736984 -6.965811778480965, 110.37510388967749 -6.965831516630782, 110.37508028217367 -6.965849025148885, 110.37505507221157 -6.9658641354186726, 110.37502850257688 -6.965876701919988, 110.37500082914973 -6.965886603630552, 110.37497231844033 -6.965893745191481, 110.37494324502241 -6.965898057825639, 110.37491388888888 -6.9658995, 110.37488453275536 -6.965898057825639, 110.37485545933744 -6.965893745191481, 110.37482694862804 -6.965886603630552, 110.37479927520089 -6.965876701919988, 110.3747727055662 -6.9658641354186726, 110.3747474956041 -6.965849025148885, 110.37472388810028 -6.965831516630782, 110.37470211040792 -6.965811778480965, 110.3746823722581 -6.9657900007886075, 110.37466486374 -6.96576639328479, 110.37464975347021 -6.965741183322679, 110.3746371869689 -6.965714613687994, 110.37462728525833 -6.965686940260838, 110.3746201436974 -6.965658429551444, 110.37461583106325 -6.965629356133529, 110.37461438888889 -6.9656, 110.37461583106325 -6.965570643866472, 110.3746201436974 -6.965541570448557, 110.37462728525833 -6.965513059739163, 110.3746371869689 -6.9654853863120065, 110.37464975347021 -6.965458816677321, 110.37466486374 -6.9654336067152105, 110.3746823722581 -6.965409999211393, 110.37470211040792 -6.965388221519035, 110.37472388810028 -6.965368483369218, 110.3747474956041 -6.965350974851115, 110.3747727055662 -6.965335864581328, 110.37479927520089 -6.965323298080013, 110.37482694862804 -6.9653133963694485, 110.37485545933744 -6.965306254808519, 110.37488453275536 -6.965301942174362, 110.37491388888888 -6.965300500000001, 110.37494324502241 -6.965301942174362, 110.37497231844033 -6.965306254808519, 110.37500082914973 -6.9653133963694485, 110.37502850257688 -6.965323298080013, 110.37505507221157 -6.965335864581328, 110.37508028217367 -6.965350974851115, 110.37510388967749 -6.965368483369218, 110.37512566736984 -6.965388221519035, 110.37514540551966 -6.965409999211393, 110.37516291403777 -6.9654336067152105, 110.37517802430756 -6.965458816677321, 110.37519059080887 -6.9654853863120065, 110.37520049251944 -6.965513059739163, 110.37520763408037 -6.965541570448557, 110.37521194671451 -6.965570643866472, 110.37521338888888 -6.9656))"
Rusunawa Gemawang Sleman Yogyakarta,"POLYGON ((110.3672106111111 -7.754905555555555, 110.36720916893674 -7.754934911689084, 110.36720485630259 -7.754963985106999, 110.36719771474166 -7.754992495816393, 110.3671878130311 -7.755020169243549, 110.36717524652978 -7.755046738878234, 110.36716013626 -7.755071948840345, 110.36714262774188 -7.755095556344163, 110.36712288959207 -7.7551173340365205, 110.36710111189971 -7.755137072186337, 110.3670775043959 -7.75515458070444, 110.36705229443379 -7.755169690974228, 110.3670257247991 -7.755182257475543, 110.36699805137195 -7.755192159186107, 110.36696954066255 -7.755199300747036, 110.36694046724463 -7.755203613381194, 110.36691111111111 -7.755205055555555, 110.36688175497758 -7.755203613381194, 110.36685268155966 -7.755199300747036, 110.36682417085026 -7.755192159186107, 110.36679649742311 -7.755182257475543, 110.36676992778843 -7.755169690974228, 110.36674471782632 -7.75515458070444, 110.3667211103225 -7.755137072186337, 110.36669933263015 -7.7551173340365205, 110.36667959448033 -7.755095556344163, 110.36666208596222 -7.755071948840345, 110.36664697569243 -7.755046738878234, 110.36663440919112 -7.755020169243549, 110.36662450748055 -7.754992495816393, 110.36661736591962 -7.754963985106999, 110.36661305328548 -7.754934911689084, 110.36661161111111 -7.754905555555555, 110.36661305328548 -7.754876199422027, 110.36661736591962 -7.754847126004112, 110.36662450748055 -7.754818615294718, 110.36663440919112 -7.754790941867562, 110.36664697569243 -7.754764372232876, 110.36666208596222 -7.7547391622707655, 110.36667959448033 -7.754715554766948, 110.36669933263015 -7.75469377707459, 110.3667211103225 -7.754674038924773, 110.36674471782632 -7.75465653040667, 110.36676992778843 -7.754641420136883, 110.36679649742311 -7.754628853635568, 110.36682417085026 -7.7546189519250035, 110.36685268155966 -7.754611810364074, 110.36688175497758 -7.754607497729917, 110.36691111111111 -7.754606055555556, 110.36694046724463 -7.754607497729917, 110.36696954066255 -7.754611810364074, 110.36699805137195 -7.7546189519250035, 110.3670257247991 -7.754628853635568, 110.36705229443379 -7.754641420136883, 110.3670775043959 -7.75465653040667, 110.36710111189971 -7.754674038924773, 110.36712288959207 -7.75469377707459, 110.36714262774188 -7.754715554766948, 110.36716013626 -7.7547391622707655, 110.36717524652978 -7.754764372232876, 110.3671878130311 -7.754790941867562, 110.36719771474166 -7.754818615294718, 110.36720485630259 -7.754847126004112, 110.36720916893674 -7.754876199422027, 110.3672106111111 -7.754905555555555))"
